Cover Paper,Martian Green Paper 11 x 17 65# Cover,6296-1,44.87,11000,1,4,1
Carton,8X8X8 Carton,6296-1101,20.88,17,3,1,1
Text,14X17 60 lb text,6296-1139,32.22,29300,1,3,1
Invitation Envelope,A-6 ENV 4.75x6.5 Invitation Env 1.75 flap,6296-1195,58.40,2250,2,3,1
Invitation Envelope,A-8 ENV 5.5x8.125 Invitation Env w/1.75 flap,6296-1196,67.43,1000,2,3,1
Window Envelope,Digital Clear Window Env 24#,6296-1197,49.84,13799,2,3,1
Window Envelope,Window UTILITY BILL REPLY,6296-1201,58.60,354782,2,3,1
Window Envelope,UTILITY ENVELOPE - LARGE PISTOL WINDOW - WITH PERMIT,6296-1202,83.59,84000,2,3,1
Window Envelope,Utility Envelope - Small Pistol Window - with Permit,6296-1203,58.29,316752,2,3,1
Polybag,POLYBAGS 12X15.5 white,6296-1288,89.27,1800,2,3,1
Cougar Cover,11X17 Cougar Cover,6296-1348,61.32,3500,1,3,1
Cream,14X18 CREAM,6296-1349,90.18,1892,1,3,1
Ivory,11X17 IVORY DIG BRIST VEL,6296-1400,96.86,1257,1,3,1
Green,11X17 GREEN DIG BRIST VEL,6296-1401,51.27,1832,1,4,1
Blue,11X17 BLUE DIG BRIST VEL,6296-1402,79.69,1060,1,6,1
Yellow,11x17 Bristol Yellow,6296-1403,18.93,21865,1,2,1
Fundraising Envelope,3 5/8 x 5 1/8 window - fundraising envelope,6296-1419,81.15,3000,2,3,1
Standard Envelope,6 x 9 1/2 Western Sulphite Env,6296-1420,56.14,1000,2,3,1
Laser Labels,Laser Labels 2 x 4 White 1000/Box,6296-1501,40.38,0,4,3,1
Astrobright,Solar Yellow Astrobrights 11x17,6296-2,17.63,10150,1,2,1
Uncoated Text,13X19 Uncoated Text Stock,6296-200,43.87,24000,1,3,1
Carton,3X3X25 White Carton (S-15748),6296-2299,5.08,125,3,3,1
Bubble Mailer,Bubble Mailer 6 x 10  (S-22454),6296-3000,88.53,1000,2,2,1
Bubble Mailer,Bubble Mailer 8 1/2 x 12  (S-5148),6296-3001,43.95,700,2,2,1
Bubble Mailer,Bubble Mailer (s-9986)  7 1/4 x 12,6296-3002,39.83,100,2,2,1
Bubble Mailer,Bubble Mailer 10 1/2 x 16 (S-9989),6296-3003,58.05,0,2,2,1
Opaque Cover,18x12 Lynx Opaque Cover,6296-301,68.34,23686,1,1,1
Book Mailer,Book Mailer - 11 1/8 x 8 5/8  Easy Fold Mailer (S-165),6296-3100,69.27,300,2,1,1
Boxes,BOXES  12 9/16 X 9 1/4 X 2 7/8,6296-4000,94.22,333,3,1,1
Thermal Shipping Label,4X6 THERMAL SHIPPING LABEL ( PER CARTON),6296-4999,63.90,52,5,3,1
Perforateded Paper,11 x 17 3 Perforateded Paper,6296-500,66.51,36231,1,3,1
Bubble Bag,4 X 5 BUBBLE BAG,6296-5000,58.36,0,2,2,1
Bubble Mailer,White Bubble Mailers - 8 1/2 x 14 1/2,6296-5001,41.60,13700,2,3,1
Carton,16x16x16  Heavy Duty Carton - MAX 275 lb   (S-4627),6296-5002,95.26,19,3,1,1
Double Wall Box,16X16X16 Double Wall Box (S-18917),6296-5003,68.88,255,3,1,1
Multi Depth Box,10x10x10 Multi-Depth Box  (S-535),6296-5004,15.65,63,3,1,1
Double Wall Box,24x18x6 Double Wall  275 lb max  (S-21032),6296-5005,41.77,12,3,1,1
Heavy Duty Box,17.25x11.25x12  Heavy Duty Box (S-4789),6296-5006,57.39,18,3,1,1
Carton,36x24x10 Carton (S-19194),6296-5007,17.21,10,3,1,1
Pick Bin,WHITE PICK BIN,6296-5008,35.05,268,3,3,1
Bubble Mailer,Bubble Mailer (S-13944),6296-5009,86.91,0,2,2,1
Box,10X10X6 BOX,6296-5010,67.72,100,3,1,1
Security Box,UPS SMALL SECURITY BOX,6296-5012,57.44,330,3,1,1
Flat Padded Envelope,PRIORITY MAIL 9.5 X 12.5 FLAT PADDED ENVELOPE,6296-5013,47.08,0,2,3,1
Catalog Box,10X10X4 CATALOG BOX (S-18266),6296-5014,97.99,503,3,3,1
Carton,24X12X4 CARTON,6296-5015,60.80,300,3,1,1
Carton,12X12X6 CARTON,6296-5016,19.07,937,3,1,1
Carton,24 7/8 X 16 X 5 1/2 CARTON,6296-5017,0.99,120,3,1,1
Carton,28X4X24 CARTON,6296-5018,45.76,43,3,1,1
Carton,9X6X6 CARTON,6296-5019,63.22,800,3,1,1
Carton,11 1/8 X 2 3/8 X 14 CARTON,6296-5020,8.34,993,3,1,1
Stay Flat Mailer,11X13 WHITE STAY FLAT MAILER,6296-5022,54.95,1800,2,3,1
Padded Mailer,Padded Mailer - White  (S-7534),6296-5024,72.14,0,2,3,1
Carton,36x16x16 CARTON,6296-5025,55.17,100,3,1,1
Stay Flat Mailer,12 3/4 x 15 Legal Size Stay Flat Mailer (S-2667),6296-5026,59.96,1000,2,2,1
MP Office Paper,OFFICE USE ONLY - 8.5x11 MP,6296-550,4.87,79500,1,3,4
Western Paper,Western Sulphite Reg,6296-593,65.46,41200,2,3,1
Window Envelope,Security Envelope with Large Window Left Side,6296-596,7.42,27200,2,3,1
w/ Wesco Paper,Wesco Double Lookins w/tint,6296-600,39.49,15000,2,3,1
Window Envelope,Western Sulphite Lookins Small Window Env,6296-610,10.44,700,2,3,1
Large Paper,LARGE ALL PURPOSE WINDOW WITH TINT,6296-611,52.29,7600,2,3,1
Booklet Envelope,9x12 White Booklet Env,6296-613,72.98,5476,2,3,1
Catalog Envelope,9x12 White Catalog Env,6296-614,47.94,8000,2,3,1
24Lb Paper,24lb Western Sulphite SFI Regular,6296-617,90.80,30111,2,3,6
Western Paper,Western Sulphite Lookins (large),6296-618,42.62,88000,2,3,6
Machineable Booklet Envelope,5 1/4x7 7/8 Open Side Booklet Env (small flap) machineable,6296-621,53.77,14800,2,3,1
Non-Machineable Booklet Envelope,5 1/4x7 7/8 Open Side Booklet Env (large flap) non-machineable,6296-622,91.33,2300,2,3,1
Booklet Envelope,9x12 Brown Kraft Booklet Env,6296-623,2.89,16000,2,1,1
Booklet Envelope,6x9 Booklet Env,6296-624,97.97,6000,2,3,1
Booklet Envelope,10x13 Western Sulphite Booklet Env,6296-625,30.61,8500,2,3,1
Text,12x18 text,6296-640,41.66,8750,1,3,1
Endurance Cover,Endurance Digital 12x18 Cover,6296-642,98.21,15870,1,3,1
Endurance Paper,Endurance Digital 11x17,6296-645,17.91,29300,1,3,3
MP Paper,11x17 Vector Multi Purpose,6296-647,23.88,32532,1,3,3
MP Paper,8 1/2 x 11 white MP,6296-659,47.61,174469,1,3,4
A4 Paper,A-4 METRIC LONG GRAIN PAPER/103036,6296-660,80.59,55000,1,3,1
Office Paper,8.5x11 Yellow Hammermill Color - OFFICE USE ONLY,6296-664,30.66,27500,1,2,4
Paper,11x17 White,6296-672,10.71,67137,1,3,3
Paper,8.5x11 blue,6296-673,99.59,5000,1,6,4
Paper,8.5x11 Yellow Hammermill Color,6296-674,5.82,26000,1,2,4
Paper,8.5x14 yellow,6296-675,27.81,15000,1,2,4
Paper,8.5x11 Williamsburg Offset,6296-680,88.01,27979,1,3,4
A2 Envelope,A-2 machine insertable,6296-695,34.79,1000,2,3,1
A7 Machineable Envelope,A-7 WHITE ENVELOPES - MACHINE INSERTABLE,6296-700,71.61,5000,2,3,1
Packing Tape,Clear Packing Tape  2 ( per carton),6296-7000,86.98,1619,5,5,1
A7 Nonmachineable Envelope,A-7 WHITE ENVELOPES - NON MACHINE INSERTABLE,6296-701,79.75,750,2,3,1
Text,11x17 Text,6296-770,30.71,9050,1,3,1
Gloss Cover,13x19 Gloss Cover,6296-780,46.02,6393,1,3,1
12PT Gloss,19x13 12PT C2S Carolina Digital white gloss both sides,6296-785,51.15,1600,1,3,1
14PT Gloss,19x13 14PT C2S Carolina Digital Gloss,6296-786,88.63,10000,1,3,1
Paper,11x17 Cream,6296-800,63.23,29800,1,3,3
Catalog Envelope,6 1/2 x 9 1/2 Catalog Envelope,6296-864,56.26,3800,2,1,1
Check Paper,Check Form 8 1/2 x 11 - Blue,6296-870,59.61,4788,1,6,4
16PT Gloss,19x13 16PT C2S Carolina Digital white gloss both sides,6296-886,40.94,7500,1,3,1
With Perf,8.5x11 (24#) 3.5 perf,6296-887,63.28,265298,1,3,4
With Perf,11x17 White with 3.5 Perf,6296-889,13.70,79905,1,3,3
Express Jet,17 wide 50/6 Express Jet,6296-890,46.37,40,1,3,1
Carton,20X16X10 CARTON,6296-995,87.40,100,3,1,1
Box,5 X 5 X 5 BOX,6296-996,87.63,0,3,1,1
Carton,10 X 10 X 8 CARTON,6296-997,81.94,620,3,1,1
Box,7 X 5 X 5 BOX,6296-998,79.42,55,3,1,1
Carton,9x 6 1/8  x 2 3/4 Cartons,6296-999,57.85,600,3,1,1
Newsprint,NEWSPRINT PACKING PAPER,6296-F100,90.21,11,1,1,7
Company Shirt,Company Logo T-Shirt,2019-T-XL,30.00,15,5,7,8
Company Shirt,Company Logo T-Shirt,2019-T-XL,30.00,4,5,8,8
Company Shirt,Company Logo T-Shirt,2019-T-L,30.00,10,5,8,9
Company Shirt,Company Logo T-Shirt,2019-T-M,30.00,3,5,7,10
Company Shirt,Company Logo T-Shirt,2019-T-S,30.00,0,5,7,11
Coffee Mug,Company Logo Mug,2019-CUP,15.00,32,6,8,7
Coffee Mug,Company Logo Travel Mug,2019-TCUP,20.00,10,6,7,7
Logo Pen,Company Logo Pens,2019-GPEN,5.00,85,6,7,7
Office Pens Medium,Ballpoint Pens Black Ink,4301-131,0.99,3301,6,8,7
Office Pens Medium,Ballpoint Pens Blue Ink,4301-132,0.99,6013,6,6,7
Mechanical Pencil,#2 Mechanical Pencil,4301-133,0.99,1052,6,2,7
